country,year,crop,yield_hg_ha,population,rainfall,temperature,fertilizer
Canada,1961,maize,45822.0,21434577,839.4085475420219,21.446942795315262,209.43065614302077
Canada,1962,maize,47721.0,21434577,1024.1453741534447,21.063386501106656,182.9758912915246
Canada,1963,maize,41108.0,21434577,1034.2583067913306,25.069738916611634,175.91576842195144
Canada,1964,maize,50636.0,21434577,847.6608078454736,20.14632922875015,176.02810739289228
Canada,1965,maize,50061.0,21434577,793.5532088818861,14.346879021368808,138.25246502460902
Canada,1966,maize,51615.0,21434577,648.788244736625,17.948675518662306,199.42741997785822
Canada,1967,maize,53110.0,21434577,586.555666406182,16.350785194658833,233.96946306764661
Canada,1968,maize,53209.0,21434577,709.3602659124235,22.270112818751695,147.2575544135963
Canada,1969,maize,47131.0,21434577,652.0111095854671,22.443690358839465,155.4701926773309
Canada,1970,maize,52748.0,21434577,817.625643302221,19.59744524032478,181.2491875062017
Canada,1971,maize,51625.0,21742270,641.6928097987086,29.409112738035752,189.59508325786197
Canada,1972,maize,47082.0,22049963,559.612032787938,25.290179648412757,153.37469050086935
Canada,1973,maize,52881.0,22357656,787.595447100856,14.161319504480897,150.15441853304708
Canada,1974,maize,44339.0,22665350,785.4350224564422,24.953866319981643,195.1410484356991
Canada,1975,maize,57405.0,22973043,729.1833091701167,20.795585217642845,145.64434028897716
Canada,1976,maize,53025.0,23280736,620.4280424889524,20.15744491616085,221.71366678656747
Canada,1977,maize,57729.0,23588430,811.851292122323,14.947839378549064,199.72251908184384
Canada,1978,maize,52586.0,23896123,680.685189525063,19.292311998776164,208.35028866522603
Canada,1979,maize,55386.0,24203816,935.5799140492711,25.725120476464795,164.82347430332084
Canada,1980,maize,56283.0,24511510,694.3417723467813,23.325053725614257,219.26635381367078
Canada,1981,maize,58573.0,24826079,663.7486371878479,21.25736409334473,156.80995077981916
Canada,1982,maize,58812.0,25140648,534.6828076654792,25.250103289576792,230.68720085712468
Canada,1983,maize,55177.0,25455218,737.03817811554,26.014131591568095,200.84908075142903
Canada,1984,maize,58971.0,25769787,633.8784441710776,23.445582422033656,236.1410969939791
Canada,1985,maize,62043.0,26084357,743.5513129602087,28.258574623256024,111.40764687730767
Canada,1986,maize,59484.0,26398926,897.9424507875403,22.348188272952687,181.02977948602398
Canada,1987,maize,70197.0,26713495,766.5169397763904,14.049724341596429,183.40984336487463
Canada,1988,maize,54710.0,27028065,814.2802628721143,27.911576178966065,174.45189345179057
Canada,1989,maize,63512.0,27342634,604.4711514792263,19.992971825661854,217.46206353106223
Canada,1990,maize,68602.0,27657204,809.1751997387432,19.880959184931847,205.39802299340067
Canada,1991,maize,67098.0,27959814,767.4739588826473,25.874579962131556,168.93840718367943
Canada,1992,maize,56927.0,28262425,691.0208136124018,20.431567387471368,146.09455155603644
Canada,1993,maize,64241.0,28565036,803.3016498716237,23.044221088719556,190.15340369927384
Canada,1994,maize,73748.0,28867647,707.7743159924736,16.338517031798343,177.38064031703922
Canada,1995,maize,72528.0,29170258,688.3113870251815,18.790890923113523,185.16142865001973
Canada,1996,maize,69141.0,29472869,822.7291542266169,29.54474360484212,195.23733438495518
Canada,1997,maize,68702.0,29775480,796.3590703300976,21.70221633693533,132.43686354102874
Canada,1998,maize,80054.0,30078091,745.2275024191409,22.240920839764104,250.0
Canada,1999,maize,79747.0,30380702,715.3750263393979,23.20618936933445,188.9586469088427
Canada,2000,maize,62844.0,30683313,539.6379532284842,26.571291258060082,212.55799098060322
Canada,2001,maize,66187.0,31011322,892.3857504677485,18.362450180821043,232.08382932808297
Canada,2002,maize,70128.0,31339332,497.66680869738946,24.34742837520108,250.0
Canada,2003,maize,78193.0,31667342,571.7034614764761,19.734809081588914,192.98954095262923
Canada,2004,maize,82410.0,31995352,659.3743822590841,15.79734627573547,192.0568892441808
Canada,2005,maize,86035.0,32323362,558.7853315293012,23.894369722540727,162.4172729729859
Canada,2006,maize,84737.0,32651372,1028.9881929031571,18.86698683065505,180.33815451382972
Canada,2007,maize,85108.0,32979382,896.4330991265406,17.07654273426418,196.82379803812387
Canada,2008,maize,90623.0,33307392,985.285695770837,15.57006706175509,195.53901575596913
Canada,2009,maize,83723.0,33635402,796.7789029647163,25.12729148710924,152.89147867365756
Canada,2010,maize,97509.0,33963412,512.3178096448303,24.08776626246759,198.90954019699558
Canada,2011,maize,89312.0,34317154,795.0887130622577,23.385792837987903,169.59925835264528
Canada,2012,maize,91579.0,34670897,791.8056654889806,23.172289893194726,168.56945745920896
Canada,2013,maize,95451.0,35024640,1085.8394120060561,23.89533168364715,154.26089508392056
Canada,2014,maize,92940.0,35378383,868.1796495540893,18.101273319090716,213.61253811227357
Canada,2015,maize,102055.0,35732126,958.5472042213328,18.717270726593156,218.90128387732966
Canada,2016,maize,98260.0,34710872,824.3005668485697,25.28824063997796,246.9037894796184
Canada,2017,maize,100238.0,33689619,705.8301391194833,18.985055342570043,163.3145671112343
Canada,2018,maize,97049.0,32668365,603.1541487062211,21.691593162343583,200.2345592444993
Canada,2019,maize,92364.0,31647112,799.8043438794034,25.308732996144094,190.3900567563372
Canada,1961,wheat,7529.0,30625858,724.424089258878,16.941372667048174,218.00422916474048
Canada,1962,wheat,14183.0,29604605,625.0800817318008,14.571369774334869,123.22768754847219
Canada,1963,wheat,17651.0,28583351,607.8966898291823,17.106148858696596,167.85001235230231
Canada,1964,wheat,13604.0,27562098,606.7885149488254,17.708684349372508,128.8301570482899
Canada,1965,wheat,15432.0,26540844,368.21833303769625,16.213940191731915,171.4099698580868
Canada,1966,wheat,18739.0,25519591,575.6912492956245,13.017044885152048,154.32952314627954
Canada,1967,wheat,13239.0,24498337,596.2380855674604,14.464570255195468,153.8431276486382
Canada,1968,wheat,14855.0,23477084,556.98504621352,13.428118808677507,158.94468400870707
Canada,1969,wheat,18084.0,22455830,617.2941431641881,22.332204972701106,176.34505130087257
Canada,1970,wheat,17864.0,21434577,384.67967584514906,14.248699840339508,162.87588168021648
Canada,1971,wheat,18351.0,21742270,611.6543141094651,20.06019074522419,246.31828726636803
Canada,1972,wheat,16799.0,22049963,618.50686128318,22.542262560722396,173.85004408733005
Canada,1973,wheat,16876.0,22357656,628.1669501566957,16.738923021438616,168.9742305123317
Canada,1974,wheat,14884.0,22665350,457.2609742554914,17.052725573039965,137.8659113042724
Canada,1975,wheat,18020.0,22973043,559.8248967263587,27.258634266694035,103.3183701852063
Canada,1976,wheat,20963.0,23280736,632.3512228449416,11.549136515241393,138.20170335526416
Canada,1977,wheat,19632.0,23588430,680.6740716360839,18.257120076381852,123.05638055176735
Canada,1978,wheat,19987.0,23896123,464.1635548888038,20.7183909957387,131.74083420707157
Canada,1979,wheat,16341.0,24203816,575.975030749837,18.182287359615255,133.70999130985456
Canada,1980,wheat,17212.0,24511510,807.2732907190391,20.535676089272044,99.37143533355982
Canada,1981,wheat,19959.0,24826079,572.3745177723313,15.352854140926448,171.3108333699056
Canada,1982,wheat,21336.0,25140648,454.89751138807594,17.541054234132403,162.62468197451142
Canada,1983,wheat,19345.0,25455218,653.8906233004145,13.198814371776894,141.6374691039763
Canada,1984,wheat,16099.0,25769787,493.0065626606853,15.386683069705153,194.13635600702742
Canada,1985,wheat,17665.0,26084357,598.5978053153146,12.956464182659818,172.9465486763694
Canada,1986,wheat,22052.0,26398926,804.658743641516,22.12986104220459,112.01575085114966
Canada,1987,wheat,19279.0,26713495,491.89191125604987,23.06764459674649,132.30826335953049
Canada,1988,wheat,12293.0,27028065,603.2583313775474,21.098536213717345,126.82673821054793
Canada,1989,wheat,18076.0,27342634,542.8569572725839,5.03493063972371,124.39030896664275
Canada,1990,wheat,22769.0,27657204,519.6918218328208,13.008867272140602,190.81028259829088
Canada,1991,wheat,22559.0,27959814,378.3830346447241,16.239822053212066,153.26851443215227
Canada,1992,wheat,21603.0,28262425,722.9527946879339,12.256551395282242,179.079093803874
Canada,1993,wheat,22027.0,28565036,551.2279673223504,14.073965395808196,161.55258685658177
Canada,1994,wheat,21275.0,28867647,573.8871634688164,15.599132491364822,151.7450521247505
Canada,1995,wheat,22467.0,29170258,503.76236837658877,18.45406938100499,166.55326686302618
Canada,1996,wheat,24304.0,29472869,740.3220179374423,13.048738004692604,203.32583436640667
Canada,1997,wheat,21285.0,29775480,315.74946405729975,17.392859619857667,164.70793016211442
Canada,1998,wheat,22550.0,30078091,583.719024128204,15.509201920717626,144.7969437410681
Canada,1999,wheat,25971.0,30380702,490.83988784094004,15.642540972223154,171.24005242552562
Canada,2000,wheat,24446.0,30683313,592.8418583158057,15.228361618957383,172.48999688583126
Canada,2001,wheat,19452.0,31011322,586.8759425051932,21.25144847535584,165.7407210480903
Canada,2002,wheat,18324.0,31339332,450.52059868935135,15.759275839212123,168.68234012808153
Canada,2003,wheat,22565.0,31667342,623.2444318520157,17.916393624143407,152.93318458271955
Canada,2004,wheat,26409.0,31995352,703.319787494611,15.63371444465668,163.67743452925095
Canada,2005,wheat,27381.0,32323362,525.7368817079328,17.129275187091118,177.46942129967977
Canada,2006,wheat,26096.0,32651372,649.0499618785636,21.254038544002555,182.63697017885823
Canada,2007,wheat,23317.0,32979382,552.5204609959311,20.727811885179854,142.2433310851636
Canada,2008,wheat,28575.0,33307392,588.8999622986131,17.47942778252926,152.42489912481795
Canada,2009,wheat,27897.0,33635402,621.4188430524297,14.72711726706611,202.3096818921365
Canada,2010,wheat,28085.0,33963412,429.27791422003577,13.143245548849071,178.9527718375017
Canada,2011,wheat,29568.0,34317154,644.9995232755523,20.49647926820862,165.70863773160698
Canada,2012,wheat,28743.0,34670897,548.5303872583703,14.410982514056673,151.89511395484317
Canada,2013,wheat,35980.0,35024640,468.7405946185466,21.900478933671003,146.32356546244654
Canada,2014,wheat,30818.0,35378383,450.9403363848986,16.714456633388025,160.3232863568906
Canada,2015,wheat,28925.0,35732126,482.35305366352304,14.711118417734275,156.09218028729782
Canada,2016,wheat,35805.0,35732126,579.3959885330468,15.972227298515481,138.22404235954193
Canada,2017,wheat,33815.0,35732126,577.8459924829164,12.207662634010703,114.81340564058613
Canada,2018,wheat,32589.0,35732126,463.7866934497077,17.146211393152612,157.7726891399501
Canada,2019,wheat,33502.0,35732126,727.0427460339463,21.43063849280808,146.0015367509143
